员工号,年龄,部门,学历,年龄分段,性别,月收入
84343226,41,销售,专科,40-49,女,5993
80025823,49,行政,高中,40-49,男,5130
83441497,37,人力资源,专科,30-39,男,2090
87541418,33,市场拓展,硕士,30-39,女,2909
85461701,27,工程,高中,20-29,男,3468
84471036,32,人力资源,专科,30-39,男,3068
84868246,59,市场拓展,本科,>=50,女,2670
84053632,30,后勤,高中,30-39,男,2693
89052571,38,市场拓展,本科,30-39,男,9526
84296989,36,行政,本科,30-39,男,5237
84832042,35,市场拓展,本科,30-39,男,2426
81866141,29,市场拓展,专科,20-29,女,4193
87542300,31,市场拓展,高中,30-39,男,2911
88799456,34,市场拓展,专科,30-39,男,2661
84490915,28,行政,本科,20-29,男,2028
82727521,29,市场拓展,硕士,20-29,女,9980
81066659,32,市场拓展,专科,30-39,男,3298
87235618,22,财务,专科,20-29,男,2935
87082420,53,销售,硕士,>=50,女,15427
88958397,38,市场拓展,本科,30-39,男,3944
84124668,24,行政,专科,20-29,女,4011
80667057,36,销售,硕士,30-39,男,3407
85179519,34,市场拓展,硕士,30-39,女,11994
80131180,21,市场拓展,专科,20-29,男,1232
81828136,34,市场拓展,高中,30-39,男,2960
89723974,53,行政,本科,>=50,女,19094
84040768,32,市场拓展,高中,30-39,女,3919
83596628,42,销售,硕士,40-49,男,6825
83530757,44,市场拓展,硕士,40-49,女,10248
84923682,46,销售,硕士,40-49,女,18947
84519747,33,市场拓展,本科,30-39,男,2496
82534034,44,市场拓展,硕士,40-49,男,6465
80607774,30,行政,专科,30-39,男,2206
84726831,39,销售,本科,30-39,男,2086
80766533,24,市场拓展,本科,20-29,男,2293
81025807,43,市场拓展,专科,40-49,女,2645
85052382,50,销售,专科,>=50,男,2683
86764639,35,销售,本科,30-39,女,2014
88233548,36,市场拓展,硕士,30-39,女,3419
87736479,33,销售,本科,30-39,女,5376
88830045,35,市场拓展,专科,30-39,男,1951
83114268,27,行政,硕士,20-29,女,2341
88078127,26,市场拓展,本科,20-29,男,2293
82065242,27,销售,本科,20-29,男,8726
88374215,30,市场拓展,专科,30-39,女,4011
83777248,41,市场拓展,本科,40-49,女,19545
84932792,34,销售,硕士,30-39,男,4568
87390403,37,市场拓展,专科,30-39,男,3022
89549570,46,销售,硕士,40-49,男,5772
85357065,35,行政,高中,30-39,男,2269
80962576,48,市场拓展,专科,40-49,男,5381
83620657,28,市场拓展,硕士,20-29,男,3441
80416147,44,销售,博士,40-49,女,5454
83033244,35,行政,专科,30-39,男,9884
85217552,26,销售,本科,20-29,女,4157
88380665,33,市场拓展,专科,30-39,女,13458
82323228,35,销售,博士,30-39,男,9069
88595790,35,市场拓展,硕士,30-39,女,4014
80212091,31,市场拓展,硕士,30-39,男,5915
84261453,37,市场拓展,硕士,30-39,男,5993
85078938,32,行政,本科,30-39,男,6162
80105824,38,市场拓展,博士,30-39,女,2406
83819847,50,市场拓展,专科,>=50,女,18740
86866387,59,销售,本科,>=50,女,7637
87175627,36,财务,本科,30-39,女,10096
80875746,55,市场拓展,本科,>=50,女,14756
86312256,36,市场拓展,本科,30-39,男,6499
81507334,45,市场拓展,本科,40-49,男,9724
85379617,35,行政,本科,30-39,男,2194
87449587,36,市场拓展,本科,30-39,男,3388
82712898,59,销售,高中,>=50,女,5473
81466321,29,市场拓展,本科,20-29,男,2703
81261417,31,行政,硕士,30-39,男,2501
81334244,32,市场拓展,本科,30-39,男,6220
82810994,36,市场拓展,本科,30-39,女,3038
86029279,31,市场拓展,硕士,30-39,女,4424
88208712,35,销售,硕士,30-39,男,4312
87536908,45,市场拓展,硕士,40-49,男,13245
87838067,37,市场拓展,硕士,30-39,男,13664
86956105,46,人力资源,专科,40-49,男,5021
83239615,30,市场拓展,高中,30-39,男,5126
87064944,35,市场拓展,本科,30-39,男,2859
89583829,55,销售,专科,>=50,男,10239
87431495,38,市场拓展,本科,30-39,女,5329
85581910,34,行政,专科,30-39,男,4325
80827834,56,市场拓展,本科,>=50,男,7260
83336221,23,销售,高中,20-29,男,2322
86728137,51,市场拓展,硕士,>=50,男,2075
87997088,30,市场拓展,本科,30-39,男,4152
86365591,46,销售,专科,40-49,男,9619
82082349,40,市场拓展,硕士,40-49,男,13503
87920240,51,销售,硕士,>=50,男,5441
87070589,30,销售,专科,30-39,女,5209
80542836,46,市场拓展,本科,40-49,男,10673
80930301,32,销售,硕士,30-39,男,5010
83833607,54,市场拓展,硕士,>=50,女,13549
87085993,24,销售,专科,20-29,女,4999
85970887,28,销售,本科,20-29,男,4221
80205107,58,销售,硕士,>=50,男,13872
89004169,44,市场拓展,本科,40-49,男,2042
80090512,37,人力资源,硕士,30-39,男,2073
80575217,32,市场拓展,高中,30-39,男,2956
81053982,20,市场拓展,本科,20-29,女,2926
85019841,34,市场拓展,硕士,30-39,女,4809
81093559,37,市场拓展,专科,30-39,男,5163
81753529,59,人力资源,硕士,>=50,女,18844
81849085,50,财务,本科,>=50,女,18172
82912415,25,销售,本科,20-29,男,5744
81132518,25,市场拓展,高中,20-29,男,2889
86702409,22,市场拓展,本科,20-29,女,2871
83057565,51,市场拓展,硕士,>=50,女,7484
85503986,34,市场拓展,本科,30-39,男,6074
88117888,54,人力资源,本科,>=50,女,17328
87645947,24,财务,高中,20-29,男,2774
82188036,34,财务,硕士,30-39,女,4505
85066541,37,销售,本科,30-39,男,7428
87040072,34,财务,本科,30-39,女,11631
84039059,36,销售,专科,30-39,女,9738
83679652,36,财务,专科,30-39,女,2835
83227030,43,销售,专科,40-49,男,16959
82482993,30,财务,本科,30-39,男,2613
80960242,33,销售,专科,30-39,男,6146
81242831,56,财务,硕士,>=50,女,4963
83406193,51,财务,本科,>=50,男,19537
81999331,31,销售,硕士,30-39,男,6172
82070763,26,财务,本科,20-29,女,2368
80489240,58,财务,硕士,>=50,女,10312
84230826,21,销售,高中,20-29,男,1675
86571439,22,财务,高中,20-29,男,2523
83302400,49,财务,硕士,40-49,女,6567
88484518,43,财务,本科,40-49,女,4739
86518235,50,销售,本科,>=50,女,9208
85389928,31,销售,本科,30-39,女,4559
88603123,41,销售,高中,40-49,男,8189
82649309,26,人力资源,高中,20-29,女,2942
87615720,36,财务,专科,30-39,男,4941
86470199,51,财务,硕士,>=50,男,10650
85230358,39,销售,硕士,30-39,女,5902
86332301,25,销售,本科,20-29,男,8639
85045542,30,人力资源,本科,30-39,男,6347
87979082,32,财务,本科,30-39,女,4200
85619573,45,财务,本科,40-49,男,3452
89933759,38,财务,博士,30-39,女,4317
85860474,30,财务,本科,30-39,女,2632
80691379,32,销售,专科,30-39,男,4668
83831641,30,财务,本科,30-39,女,3204
84092371,30,财务,高中,30-39,男,2720
87585717,41,财务,本科,40-49,男,17181
83740708,41,财务,硕士,40-49,男,2238
85083244,22,财务,高中,20-29,女,1483
85563092,40,财务,本科,40-49,女,5605
85167271,35,销售,博士,30-39,男,7295
86200377,53,销售,专科,>=50,男,2306
83913663,45,财务,本科,40-49,男,2348
89790123,32,销售,本科,30-39,女,8998
81895520,29,财务,高中,20-29,男,4319
83586841,51,财务,硕士,>=50,男,6132
85216968,58,财务,本科,>=50,女,3346
87750561,40,销售,硕士,40-49,男,10855
82850625,34,销售,硕士,30-39,女,2231
85663016,22,财务,高中,20-29,男,2323
83244308,27,市场拓展,本科,20-29,男,2024
81562236,28,财务,本科,20-29,男,2713
85865739,57,市场拓展,专科,>=50,男,9439
86813872,27,财务,本科,20-29,男,2566
84796478,50,市场拓展,本科,>=50,女,19926
86733360,41,市场拓展,本科,40-49,男,2451
85983389,30,销售,本科,30-39,女,9419
83587577,38,销售,硕士,30-39,女,8686
82131303,32,市场拓展,博士,30-39,男,3038
85740092,27,市场拓展,本科,20-29,男,3058
89862644,21,销售,高中,20-29,女,2325
85158354,22,市场拓展,专科,30-39,男,2088
89731800,30,市场拓展,本科,30-39,男,3072
85680495,45,销售,专科,40-49,女,5006
82430154,56,市场拓展,本科,>=50,女,4257
89613334,33,市场拓展,本科,30-39,男,2500
85974403,23,市场拓展,本科,20-29,男,1102
87934164,46,销售,专科,40-49,女,10453
84196109,38,市场拓展,专科,30-39,女,2288
86528527,31,市场拓展,高中,30-39,女,3929
87265633,34,市场拓展,专科,30-39,女,2311
87341974,41,销售,专科,40-49,女,3140
80755861,50,市场拓展,本科,>=50,男,3690
80910889,53,市场拓展,专科,>=50,女,4450
89338559,33,财务,本科,30-39,女,2756
87575837,40,市场拓展,高中,40-49,女,19033
81283514,55,财务,硕士,>=50,男,18722
86479821,34,市场拓展,高中,30-39,男,9547
80239904,51,财务,本科,>=50,女,13734
89112946,52,市场拓展,硕士,>=50,男,19999
82554564,27,市场拓展,本科,20-29,女,2279
83690230,35,市场拓展,专科,30-39,男,5916
84289789,43,市场拓展,本科,40-49,男,2089
80374325,45,市场拓展,专科,40-49,男,16792
80938177,37,财务,本科,30-39,男,3564
85952012,35,市场拓展,本科,30-39,女,4425
86528771,42,市场拓展,专科,40-49,女,5265
83535574,38,财务,硕士,30-39,男,6553
83535482,38,市场拓展,本科,30-39,男,6261
86353156,27,财务,高中,20-29,男,4298
85629566,49,市场拓展,硕士,40-49,男,6804
84125062,34,市场拓展,硕士,30-39,男,3815
86838472,40,市场拓展,专科,40-49,男,2741
86643383,38,市场拓展,高中,30-39,男,6673
84170936,29,销售,本科,20-29,女,7639
81589555,22,市场拓展,本科,20-29,男,2328
80588502,36,市场拓展,高中,30-39,女,2153
89662689,40,市场拓展,博士,40-49,男,4876
80324807,46,市场拓展,硕士,40-49,男,9396
89329454,32,销售,硕士,30-39,男,10400
85558273,30,财务,高中,30-39,男,8474
86328720,27,销售,本科,20-29,女,9981
83678401,51,市场拓展,硕士,>=50,男,12490
86112338,30,财务,本科,30-39,女,2657
86419966,41,销售,本科,40-49,女,13591
83747503,30,销售,硕士,30-39,女,6696
89574892,29,市场拓展,本科,20-29,男,2058
84463853,45,销售,本科,40-49,女,8865
84310077,54,销售,本科,>=50,女,5940
86168671,36,市场拓展,专科,30-39,男,5914
87330658,33,市场拓展,硕士,30-39,女,2622
85954691,37,市场拓展,本科,30-39,男,12185
89182108,38,销售,本科,30-39,男,10609
85743739,31,市场拓展,硕士,30-39,男,4345
87649241,59,市场拓展,本科,>=50,男,2177
87306090,37,销售,硕士,30-39,男,2793
82437706,29,销售,高中,20-29,女,7918
82068586,35,销售,本科,30-39,女,8789
83105724,29,市场拓展,高中,20-29,男,2389
85485258,52,市场拓展,本科,>=50,女,3212
82180734,42,市场拓展,专科,40-49,男,19232
83378509,59,人力资源,专科,>=50,男,2267
80597329,50,销售,硕士,>=50,女,19517
86842654,33,财务,本科,30-39,男,2436
83291500,43,销售,本科,40-49,女,16064
84059914,33,财务,专科,30-39,女,2707
88066159,52,销售,硕士,>=50,男,19068
84816095,32,销售,专科,30-39,女,3931
85911545,32,财务,本科,30-39,男,3730
81506012,39,市场拓展,硕士,30-39,女,2232
89559113,32,销售,硕士,30-39,男,4465
80816447,41,市场拓展,专科,40-49,男,3072
84776838,40,市场拓展,专科,40-49,男,3319
89304752,45,财务,本科,40-49,男,19202
82803009,31,市场拓展,硕士,30-39,男,13675
84661020,33,市场拓展,硕士,30-39,女,2911
89840995,34,市场拓展,硕士,30-39,男,5957
83315521,37,财务,专科,30-39,女,3920
87456805,45,市场拓展,硕士,40-49,男,6434
84098388,37,市场拓展,本科,30-39,男,10048
82809725,39,市场拓展,硕士,30-39,女,10938
89105470,29,市场拓展,本科,20-29,男,2340
84343603,42,市场拓展,专科,40-49,女,6545
89127426,29,销售,专科,20-29,男,6931
87704208,25,市场拓展,本科,20-29,女,4898
85603112,42,财务,本科,40-49,女,2593
81273534,40,市场拓展,专科,40-49,男,19436
85945501,51,市场拓展,本科,>=50,男,2723
82738382,31,市场拓展,专科,30-39,男,3479
89882272,32,财务,本科,30-39,男,2794
86874887,38,销售,专科,30-39,男,5249
80254246,32,市场拓展,高中,30-39,男,2176
88223833,46,销售,本科,40-49,女,16872
82980157,28,财务,硕士,20-29,男,3485
85304561,29,销售,本科,20-29,男,6644
88127628,31,市场拓展,本科,30-39,男,5582
81889994,25,市场拓展,专科,20-29,男,4000
82929958,45,市场拓展,专科,40-49,男,13496
85260232,36,市场拓展,本科,30-39,男,3210
84151596,55,市场拓展,本科,>=50,男,19045
86398474,47,市场拓展,硕士,40-49,男,11849
86759411,28,财务,本科,20-29,男,2070
81424352,37,销售,硕士,30-39,男,6502
86746353,21,市场拓展,专科,20-29,男,3230
83835578,37,市场拓展,硕士,30-39,女,13603
88835681,35,财务,本科,30-39,女,11996
81542337,38,销售,专科,30-39,女,5605
83792813,26,市场拓展,本科,20-29,女,6397
86937678,50,市场拓展,高中,>=50,男,19144
88758351,53,市场拓展,硕士,>=50,男,17584
80012464,42,销售,高中,40-49,男,4907
86355511,29,销售,专科,20-29,男,4554
83218804,55,市场拓展,专科,>=50,男,5415
89892711,26,市场拓展,专科,20-29,男,4741
88988985,37,市场拓展,本科,30-39,女,2115
85005844,44,市场拓展,本科,40-49,男,3161
82129537,38,市场拓展,硕士,30-39,男,5745
80034867,26,市场拓展,硕士,20-29,男,2373
85750680,28,市场拓展,专科,20-29,女,3310
82981638,49,市场拓展,硕士,40-49,女,18665
85982181,36,市场拓展,本科,30-39,男,4485
88175437,31,销售,本科,30-39,女,2789
88490642,26,销售,硕士,20-29,男,5828
89078354,37,市场拓展,本科,30-39,男,2326
81124022,42,销售,本科,40-49,女,13525
84977992,25,市场拓展,本科,20-29,男,1420
88373875,35,销售,本科,30-39,男,8020
85252534,36,市场拓展,硕士,30-39,男,3688
87451915,51,市场拓展,本科,>=50,男,5482
89257491,41,销售,硕士,40-49,男,16015
81926089,25,销售,本科,20-29,女,1200
84341316,28,市场拓展,专科,20-29,男,5661
84872194,31,销售,本科,30-39,男,6929
89119314,39,市场拓展,本科,30-39,男,9613
86310509,36,市场拓展,硕士,30-39,女,5674
83375630,32,销售,本科,30-39,男,5484
81695226,38,市场拓展,专科,30-39,女,12061
83924279,58,市场拓展,硕士,>=50,男,5660
81135187,31,市场拓展,硕士,30-39,男,4821
86344824,31,人力资源,本科,30-39,男,6410
88152673,45,市场拓展,本科,40-49,男,5210
81288988,31,市场拓展,硕士,30-39,男,2695
81650314,33,市场拓展,硕士,30-39,女,11878
87835738,39,市场拓展,高中,30-39,男,17068
83775648,43,市场拓展,硕士,40-49,女,2455
80342570,49,市场拓展,专科,40-49,女,13964
88245475,52,市场拓展,硕士,>=50,男,4941
88412984,27,市场拓展,本科,20-29,女,2478
86117595,32,销售,专科,30-39,女,5228
86453389,27,销售,本科,20-29,男,4478
87100081,31,销售,本科,30-39,男,7547
80076226,32,市场拓展,硕士,30-39,女,5055
80098515,28,市场拓展,硕士,20-29,男,3464
87805469,30,市场拓展,专科,30-39,女,5775
85920843,31,市场拓展,专科,30-39,女,8943
89111951,39,市场拓展,专科,30-39,男,19272
87415152,39,销售,专科,30-39,女,5238
88445900,33,销售,本科,30-39,男,4682
81329631,47,市场拓展,博士,40-49,男,18300
86722713,43,市场拓展,硕士,40-49,女,5257
85057386,27,销售,高中,20-29,男,6349
86792422,54,市场拓展,硕士,>=50,女,4869
85031049,43,市场拓展,本科,40-49,女,9985
84560736,45,市场拓展,硕士,40-49,男,3697
87033395,40,销售,专科,40-49,男,7457
82357001,29,市场拓展,硕士,20-29,男,2119
80696203,29,市场拓展,博士,20-29,男,3983
89335245,30,销售,本科,30-39,女,6118
83716663,27,销售,硕士,20-29,女,6214
80717435,37,市场拓展,专科,30-39,男,6347
83868545,38,市场拓展,专科,30-39,男,11510
89412396,31,市场拓展,硕士,30-39,女,7143
85537520,29,销售,高中,20-29,女,8268
83801510,35,市场拓展,硕士,30-39,男,8095
86540650,23,市场拓展,高中,20-29,男,2904
84806041,41,市场拓展,本科,40-49,男,6032
81125645,47,销售,高中,40-49,男,2976
89525925,42,市场拓展,博士,40-49,女,15992
81559254,29,销售,本科,20-29,男,4649
83537730,42,人力资源,高中,40-49,男,2696
85565412,32,市场拓展,本科,30-39,女,2370
84370198,48,销售,高中,40-49,女,12504
80842713,37,市场拓展,本科,30-39,男,5974
81369853,30,销售,专科,30-39,女,4736
86890557,26,销售,本科,20-29,男,5296
85726822,42,市场拓展,硕士,40-49,男,6781
84340348,21,销售,高中,20-29,女,2174
80244628,36,销售,博士,30-39,女,6653
84473517,36,销售,硕士,30-39,男,9699
89581278,57,市场拓展,硕士,>=50,男,6755
87905339,40,市场拓展,硕士,40-49,女,2213
88623176,21,销售,专科,20-29,男,2610
89996570,33,销售,本科,30-39,女,2851
83066009,37,市场拓展,本科,30-39,女,3452
88341267,46,市场拓展,硕士,40-49,女,5258
84526700,41,销售,本科,40-49,男,9355
88990916,50,市场拓展,本科,>=50,男,10496
82515327,40,销售,专科,40-49,男,6380
82093222,31,市场拓展,硕士,30-39,男,2657
88198671,21,销售,本科,20-29,女,2716
89118214,29,市场拓展,本科,20-29,男,2201
82279603,35,市场拓展,硕士,30-39,男,6540
81586708,27,市场拓展,专科,20-29,男,3816
81496682,28,销售,硕士,20-29,男,5253
80769047,49,市场拓展,本科,40-49,男,10965
84316753,51,销售,专科,>=50,女,4936
86665408,36,市场拓展,本科,30-39,女,2543
89224033,34,销售,本科,30-39,男,5304
85275488,55,市场拓展,本科,>=50,女,16659
87246994,24,销售,硕士,20-29,女,4260
80789830,30,销售,高中,30-39,男,2476
81348018,26,市场拓展,高中,20-29,男,3102
87022377,22,市场拓展,本科,20-29,女,2244
89142032,36,销售,专科,30-39,男,7596
89442245,30,市场拓展,本科,30-39,男,2285
88333804,37,市场拓展,本科,30-39,女,3034
85334630,40,销售,专科,40-49,女,5715
81384286,42,市场拓展,硕士,40-49,女,2576
86240254,37,市场拓展,硕士,30-39,男,4197
89148778,43,市场拓展,本科,40-49,男,14336
80368421,40,市场拓展,本科,40-49,女,3448
86925527,54,市场拓展,专科,>=50,男,19406
87958040,34,销售,硕士,30-39,女,6538
89535630,31,市场拓展,专科,30-39,女,4306
80857316,43,市场拓展,本科,40-49,男,2258
81082264,43,市场拓展,硕士,40-49,女,4522
87735901,25,销售,专科,20-29,女,4487
84154427,37,市场拓展,博士,30-39,女,4449
82187909,31,市场拓展,专科,30-39,男,2218
81574407,39,市场拓展,高中,30-39,男,19197
86929113,56,销售,本科,>=50,女,13212
85476994,30,销售,本科,30-39,女,6577
80407978,41,销售,本科,40-49,男,8392
80551645,28,市场拓展,专科,20-29,男,4558
80113719,25,市场拓展,本科,20-29,男,4031
88873485,52,市场拓展,本科,>=50,男,7969
80287078,45,市场拓展,专科,40-49,男,2654
84323268,52,市场拓展,专科,>=50,女,16555
84971268,42,市场拓展,专科,40-49,女,4556
87173048,30,市场拓展,本科,30-39,女,6091
83876759,60,市场拓展,本科,>=50,女,19566
88870428,46,市场拓展,本科,40-49,女,4810
88716215,42,市场拓展,硕士,40-49,女,4523
80291341,24,销售,高中,20-29,女,3202
86795686,34,销售,专科,30-39,女,2351
89353229,38,市场拓展,专科,30-39,男,1702
84184857,40,销售,硕士,40-49,女,18041
85592504,26,市场拓展,本科,20-29,女,2886
80999477,30,市场拓展,本科,30-39,男,2097
89689187,29,市场拓展,硕士,20-29,男,11935
86893574,29,市场拓展,博士,20-29,女,2546
83004534,23,人力资源,专科,20-29,男,2564
88633181,30,销售,硕士,30-39,女,8412
85089747,57,销售,本科,>=50,男,14118
86286827,50,市场拓展,硕士,>=50,男,17046
88659797,30,市场拓展,本科,30-39,女,2564
88372409,60,销售,本科,>=50,女,10266
85678770,47,市场拓展,专科,40-49,女,5070
80287223,46,市场拓展,本科,40-49,男,17861
86970050,35,市场拓展,本科,30-39,男,4230
80952248,54,市场拓展,硕士,>=50,女,3780
83716091,34,市场拓展,硕士,30-39,男,2768
85371027,46,销售,本科,40-49,女,9071
85785060,31,市场拓展,高中,30-39,男,10648
80424122,33,市场拓展,高中,30-39,男,13610
87932983,33,市场拓展,高中,30-39,男,3408
87516382,30,销售,高中,30-39,男,2983
89203951,35,市场拓展,本科,30-39,男,7632
83162016,31,市场拓展,本科,30-39,男,9824
84809307,34,人力资源,本科,30-39,女,9950
87747479,42,市场拓展,专科,40-49,男,2093
80616341,36,销售,硕士,30-39,男,9980
84352463,22,市场拓展,高中,20-29,男,3894
84906494,48,销售,博士,40-49,女,4051
88817534,55,销售,博士,>=50,女,16835
82483257,41,销售,专科,40-49,男,6230
87810258,35,销售,本科,30-39,男,4717
84753004,40,市场拓展,本科,40-49,女,13237
81836521,39,市场拓展,高中,30-39,女,3755
83123664,31,销售,高中,30-39,男,6582
80084946,42,市场拓展,本科,40-49,男,7406
87069035,45,销售,本科,40-49,男,4805
83534281,26,人力资源,硕士,20-29,女,2741
87800905,29,市场拓展,本科,20-29,男,4262
81645205,33,市场拓展,博士,30-39,女,16184
85574634,31,销售,本科,30-39,男,11557
88223700,24,销售,本科,20-29,男,1878
85387011,40,销售,本科,40-49,男,10932
80014722,41,市场拓展,硕士,40-49,女,6811
81719350,26,销售,专科,20-29,男,4306
86504839,35,销售,本科,30-39,女,4859
85469393,34,销售,硕士,30-39,男,5337
87850717,26,市场拓展,本科,20-29,男,2340
84437230,37,市场拓展,本科,30-39,女,7491
80105552,46,市场拓展,高中,40-49,女,10527
81384914,41,销售,博士,40-49,女,16595
86431519,37,销售,硕士,30-39,男,8834
80342192,52,市场拓展,专科,>=50,男,5577
87700018,32,销售,硕士,30-39,男,4707
85271359,24,销售,本科,20-29,男,2400
81144675,38,市场拓展,本科,30-39,女,9824
82247515,37,市场拓展,硕士,30-39,女,6447
81607550,49,市场拓展,硕士,40-49,男,19502
82860823,24,市场拓展,本科,20-29,男,2725
81781442,26,销售,专科,20-29,男,6272
80344533,24,市场拓展,专科,20-29,男,2127
83596463,50,人力资源,本科,>=50,男,18200
80571061,25,销售,高中,20-29,男,2096
88838701,24,市场拓展,本科,20-29,女,2886
82348701,30,销售,硕士,30-39,男,2033
86685337,34,市场拓展,专科,30-39,男,3622
83582825,31,销售,硕士,30-39,男,4233
84725551,35,市场拓展,专科,30-39,男,3681
83617014,31,销售,硕士,30-39,男,5460
84451487,27,市场拓展,硕士,20-29,女,2187
87652250,37,销售,本科,30-39,男,9602
83185201,20,市场拓展,本科,20-29,女,2836
85787572,42,市场拓展,硕士,40-49,女,4089
83179116,43,市场拓展,硕士,40-49,男,16627
84505184,38,市场拓展,高中,30-39,女,2619
80128086,43,市场拓展,博士,40-49,男,5679
81649262,48,市场拓展,硕士,40-49,女,15402
85167564,44,人力资源,硕士,40-49,女,5985
80531543,34,销售,本科,30-39,女,2579
81120486,27,销售,高中,20-29,男,3041
81588575,21,销售,高中,20-29,男,3447
88359327,44,市场拓展,硕士,40-49,男,19513
86160254,22,市场拓展,高中,20-29,男,2773
83071123,33,销售,硕士,30-39,男,7104
84015350,32,市场拓展,硕士,30-39,女,6322
88886991,30,市场拓展,本科,30-39,女,2083
85428883,53,销售,高中,>=50,女,8381
84465674,34,市场拓展,博士,30-39,男,2691
83810014,45,销售,硕士,40-49,女,4286
83698470,26,市场拓展,本科,20-29,女,2659
81886398,37,市场拓展,本科,30-39,男,9434
81214583,29,销售,专科,20-29,女,5561
80521468,35,市场拓展,硕士,30-39,男,6646
88860073,33,市场拓展,本科,30-39,男,7725
84144842,54,人力资源,硕士,>=50,男,10725
83524938,36,市场拓展,专科,30-39,男,8847
85656757,27,市场拓展,硕士,20-29,男,2045
89765452,20,市场拓展,高中,20-29,男,1009
86792499,33,市场拓展,本科,30-39,男,3348
86875744,35,市场拓展,本科,30-39,男,1281
88684130,23,市场拓展,本科,20-29,男,2819
86833790,25,销售,本科,20-29,男,4851
84580482,38,销售,硕士,30-39,女,4028
89076348,29,市场拓展,硕士,20-29,男,2720
82581839,48,销售,高中,40-49,男,8120
87058808,27,销售,高中,20-29,女,4647
86638900,37,市场拓展,专科,30-39,男,4680
82176249,50,市场拓展,高中,>=50,男,3221
84948718,34,市场拓展,本科,30-39,女,8621
84501165,24,销售,专科,20-29,女,4577
82230676,39,市场拓展,硕士,30-39,女,4553
81193932,32,销售,本科,30-39,男,5396
86632344,50,销售,专科,>=50,男,6796
81488897,38,市场拓展,硕士,30-39,女,7625
82944216,27,市场拓展,专科,20-29,女,7412
89864711,32,市场拓展,专科,30-39,女,11159
81355596,47,销售,硕士,40-49,男,4960
84525721,40,销售,硕士,40-49,男,10475
81652544,53,市场拓展,本科,>=50,男,14814
84177733,41,人力资源,硕士,40-49,男,19141
83858135,60,销售,硕士,>=50,男,5405
80700103,27,市场拓展,专科,20-29,男,8793
87590575,41,人力资源,本科,40-49,男,19189
84549791,50,销售,硕士,>=50,男,3875
87166404,28,市场拓展,专科,20-29,女,2216
88858273,36,市场拓展,本科,30-39,女,11713
81701761,38,市场拓展,本科,30-39,女,7861
83940347,44,市场拓展,本科,40-49,男,3708
80823394,47,销售,本科,40-49,女,13770
86946227,30,销售,博士,30-39,男,5304
88361575,29,销售,本科,20-29,男,2642
82775395,42,市场拓展,本科,40-49,男,2759
80623967,43,销售,本科,40-49,男,6804
80878435,34,市场拓展,专科,30-39,女,6142
84045922,23,市场拓展,高中,20-29,男,2500
83176133,39,人力资源,本科,30-39,女,6389
85959516,56,市场拓展,本科,>=50,男,11103
87814288,40,市场拓展,高中,40-49,女,2342
85582955,27,市场拓展,本科,20-29,女,6811
82900382,29,销售,本科,20-29,男,2297
80588117,53,市场拓展,本科,>=50,男,2450
82605526,35,市场拓展,硕士,30-39,女,5093
89422720,32,市场拓展,硕士,30-39,男,5309
83478019,38,市场拓展,博士,30-39,男,3057
86011441,34,市场拓展,博士,30-39,女,5121
87750088,52,销售,硕士,>=50,男,16856
89291481,33,市场拓展,硕士,30-39,男,2686
83897791,25,销售,高中,20-29,女,6180
81029964,45,销售,专科,40-49,男,6632
83085646,23,市场拓展,高中,20-29,男,3505
87029334,47,销售,专科,40-49,女,6397
84450115,34,销售,本科,30-39,男,6274
85911696,55,市场拓展,本科,>=50,男,19859
85170255,36,销售,硕士,30-39,男,7587
83142612,52,市场拓展,硕士,>=50,男,4258
81603772,26,市场拓展,专科,20-29,女,4364
85905617,29,市场拓展,本科,20-29,女,4335
82951174,26,销售,本科,20-29,男,5326
89084187,34,市场拓展,硕士,30-39,女,3280
88807359,54,市场拓展,硕士,>=50,女,5485
83380643,27,销售,高中,20-29,男,4342
87167397,37,市场拓展,高中,30-39,女,2782
83112908,38,市场拓展,硕士,30-39,女,5980
84235448,34,市场拓展,硕士,30-39,女,4381
82573956,35,销售,硕士,30-39,女,2572
81266807,30,市场拓展,本科,30-39,男,3833
89163119,40,市场拓展,专科,40-49,女,4244
89918858,34,销售,专科,30-39,女,6500
87507692,42,市场拓展,本科,40-49,男,18430
89838229,23,市场拓展,本科,20-29,男,1601
82245065,24,市场拓展,本科,20-29,男,2694
84660088,52,市场拓展,硕士,>=50,女,3149
81775943,50,市场拓展,本科,>=50,男,17639
82544016,29,市场拓展,专科,20-29,女,2319
85949960,33,市场拓展,本科,30-39,男,11691
87042062,33,销售,本科,30-39,女,5324
86214656,47,市场拓展,专科,40-49,女,16752
86455848,36,市场拓展,本科,30-39,女,5228
82429021,29,市场拓展,专科,20-29,男,2700
83969799,58,市场拓展,硕士,>=50,男,19246
83049488,35,市场拓展,硕士,30-39,女,2506
87893594,42,市场拓展,专科,40-49,女,6062
88557456,28,市场拓展,硕士,20-29,男,4382
89504754,36,人力资源,本科,30-39,男,2143
88578647,32,市场拓展,本科,30-39,女,6162
89487221,40,市场拓展,硕士,40-49,男,5094
85183526,30,市场拓展,本科,30-39,女,6877
84966447,45,市场拓展,本科,40-49,女,2274
85727057,42,市场拓展,本科,40-49,男,4434
82348054,38,市场拓展,本科,30-39,男,6288
89148317,34,市场拓展,硕士,30-39,女,2553
83034526,49,销售,本科,40-49,女,7654
80950472,55,销售,高中,>=50,男,5160
89897270,43,市场拓展,专科,40-49,男,17159
83268714,27,市场拓展,高中,20-29,男,12808
89817675,35,市场拓展,本科,30-39,男,10221
84276347,28,销售,硕士,20-29,女,4779
88806861,34,人力资源,专科,30-39,男,3737
84416782,26,市场拓展,专科,20-29,女,2366
85140843,27,市场拓展,本科,20-29,男,1706
80997654,51,销售,硕士,>=50,女,16307
80357606,44,市场拓展,本科,40-49,男,5933
88725339,25,市场拓展,高中,20-29,男,3424
85167777,33,销售,本科,30-39,男,4037
87973383,35,市场拓展,高中,30-39,女,2559
87992563,36,销售,专科,30-39,男,6201
84575945,32,销售,硕士,30-39,男,4403
81647651,30,市场拓展,硕士,30-39,男,3761
80003802,53,销售,专科,>=50,女,10934
85836769,45,销售,本科,40-49,男,10761
85127230,32,市场拓展,专科,30-39,女,5175
83214094,52,市场拓展,硕士,>=50,女,13826
85444203,37,销售,硕士,30-39,男,6334
81494460,28,人力资源,专科,20-29,男,4936
83738231,22,市场拓展,专科,20-29,男,4775
89303530,44,市场拓展,硕士,40-49,男,2818
81202538,42,市场拓展,高中,40-49,男,2515
80344039,36,人力资源,本科,30-39,男,2342
86759760,25,销售,高中,20-29,男,4194
84274047,35,市场拓展,本科,30-39,女,10685
84793731,35,市场拓展,硕士,30-39,女,2022
84398609,32,市场拓展,本科,30-39,男,2314
87145845,25,销售,高中,20-29,男,4256
81422194,49,市场拓展,本科,40-49,女,3580
89621570,24,市场拓展,高中,20-29,男,3162
89589228,32,销售,专科,30-39,男,6524
86599950,38,销售,本科,30-39,男,2899
86440309,42,市场拓展,本科,40-49,女,5231
87966499,31,市场拓展,硕士,30-39,男,2356
86878438,29,销售,本科,20-29,女,2800
86271473,53,销售,本科,>=50,男,11836
81755695,35,市场拓展,本科,30-39,男,10903
85361041,37,销售,专科,30-39,女,2973
84155272,53,市场拓展,硕士,>=50,女,14275
89119632,43,市场拓展,本科,40-49,女,5562
85199211,47,销售,专科,40-49,女,4537
81062043,37,销售,专科,30-39,男,7642
83517698,50,市场拓展,硕士,>=50,男,17924
86524013,39,人力资源,本科,30-39,女,5204
87758447,33,人力资源,专科,30-39,男,2277
88409913,32,市场拓展,硕士,30-39,男,2795
85186458,29,市场拓展,高中,20-29,女,2532
85647950,44,市场拓展,专科,40-49,男,2559
88536107,28,销售,硕士,20-29,男,4908
87304265,58,市场拓展,高中,>=50,男,2380
86729466,43,市场拓展,本科,40-49,女,4765
87720203,20,销售,本科,20-29,女,2044
88567204,21,市场拓展,高中,20-29,女,2693
85456204,36,市场拓展,高中,30-39,男,6586
83483963,47,销售,硕士,40-49,女,3294
88995328,22,市场拓展,高中,20-29,女,4171
88090548,41,市场拓展,硕士,40-49,女,2778
89643973,28,市场拓展,本科,20-29,女,2377
83785477,39,市场拓展,本科,30-39,男,2404
80637393,27,市场拓展,本科,20-29,女,2318
87859647,34,市场拓展,本科,30-39,男,2008
86713250,42,销售,专科,40-49,女,6244
84402369,33,市场拓展,硕士,30-39,男,2799
86373198,58,市场拓展,本科,>=50,女,10552
87711872,31,销售,硕士,30-39,男,2329
85360132,35,市场拓展,高中,30-39,女,4014
87949790,49,市场拓展,专科,40-49,女,7403
87784136,48,市场拓展,硕士,40-49,男,2259
81355256,31,销售,专科,30-39,女,6932
84514055,36,市场拓展,硕士,30-39,男,4678
85326999,38,市场拓展,本科,30-39,女,13582
86168091,32,市场拓展,本科,30-39,女,2332
85570759,25,销售,专科,20-29,男,2413
85353495,40,销售,硕士,40-49,男,9705
88332733,26,销售,本科,20-29,男,4294
83156118,41,市场拓展,本科,40-49,男,4721
86759245,36,市场拓展,硕士,30-39,男,2519
80595104,26,销售,本科,20-29,男,2121
82674352,20,市场拓展,本科,20-29,男,2973
83563716,31,市场拓展,本科,30-39,女,5855
88853626,40,市场拓展,硕士,40-49,男,3617
86320419,32,市场拓展,硕士,30-39,女,6725
80598153,36,销售,高中,30-39,男,10325
86399934,33,市场拓展,本科,30-39,女,6949
81205240,37,销售,硕士,30-39,男,10609
87788792,45,市场拓展,专科,40-49,男,4447
82417458,29,销售,本科,20-29,女,2157
83075449,35,销售,本科,30-39,女,4601
86693666,52,市场拓展,专科,>=50,男,17099
81335588,58,市场拓展,本科,>=50,男,2479
81868711,53,销售,专科,>=50,男,14852
89712527,30,销售,专科,30-39,男,7264
85859807,38,销售,本科,30-39,女,5666
84358918,35,销售,硕士,30-39,男,7823
89287728,39,销售,博士,30-39,男,7880
83108709,40,销售,本科,40-49,女,13194
86190080,47,市场拓展,硕士,40-49,男,5067
88037525,36,销售,硕士,30-39,男,5079
83909215,31,市场拓展,专科,30-39,男,2321
84893663,33,销售,本科,30-39,男,17444
83596941,29,市场拓展,本科,20-29,女,2404
83329110,33,市场拓展,高中,30-39,女,3452
82823406,45,市场拓展,硕士,40-49,女,2270
89085110,50,市场拓展,专科,>=50,男,17399
83244573,33,市场拓展,硕士,30-39,女,5488
88321142,41,市场拓展,本科,40-49,男,19419
84814225,27,市场拓展,硕士,20-29,女,2811
82850334,45,市场拓展,专科,40-49,男,3633
83033442,47,销售,专科,40-49,女,4163
85172541,30,市场拓展,本科,30-39,女,2132
82893710,50,市场拓展,本科,>=50,男,13973
82572073,38,市场拓展,高中,30-39,男,2684
88835805,46,市场拓展,专科,40-49,男,10845
81478956,24,市场拓展,高中,20-29,女,4377
80226503,35,市场拓展,硕士,30-39,男,3743
82517532,31,市场拓展,高中,30-39,女,4148
86633208,28,市场拓展,专科,20-29,男,1051
84165678,54,市场拓展,本科,>=50,女,10739
81060582,35,市场拓展,硕士,30-39,女,10388
81344733,30,市场拓展,专科,30-39,女,11416
87702477,20,市场拓展,本科,20-29,女,2600
80266629,30,市场拓展,本科,30-39,女,2422
85322394,26,市场拓展,专科,20-29,男,5472
80373775,22,市场拓展,高中,20-29,男,2451
81690414,48,市场拓展,本科,40-49,男,4240
84432039,48,市场拓展,硕士,40-49,男,10999
85569809,41,市场拓展,专科,40-49,女,5003
82951865,39,市场拓展,高中,30-39,女,12742
85696959,27,市场拓展,硕士,20-29,女,4227
81947650,35,市场拓展,本科,30-39,男,3917
82501596,42,销售,专科,40-49,男,18303
82663938,50,市场拓展,本科,>=50,男,2380
85447491,59,市场拓展,本科,>=50,女,13726
80778304,37,市场拓展,专科,30-39,女,4777
81595450,55,市场拓展,硕士,>=50,男,6385
80755091,41,市场拓展,高中,40-49,女,19973
88393567,38,销售,硕士,30-39,男,6861
87568098,26,销售,专科,20-29,男,4969
86390530,52,销售,高中,>=50,女,19845
81135796,44,销售,本科,40-49,女,13320
89786500,50,销售,本科,>=50,女,6347
87452093,36,市场拓展,硕士,30-39,女,2743
89716171,39,市场拓展,本科,30-39,女,10880
83038406,33,销售,高中,30-39,女,2342
83889193,45,销售,专科,40-49,女,17650
82490898,32,市场拓展,硕士,30-39,女,4025
83246197,34,销售,硕士,30-39,男,9725
85762907,59,销售,专科,>=50,男,11904
83739924,45,人力资源,硕士,40-49,男,2177
83210694,53,销售,本科,>=50,女,7525
83412618,36,市场拓展,本科,30-39,男,4834
89893636,26,市场拓展,本科,20-29,男,2042
86397473,34,销售,硕士,30-39,女,2220
88897296,28,销售,高中,20-29,男,1052
81177630,38,市场拓展,硕士,30-39,男,2821
89095046,50,市场拓展,硕士,>=50,男,19237
86562723,37,市场拓展,本科,30-39,女,4107
85370127,40,销售,本科,40-49,男,8396
84506013,26,市场拓展,高中,20-29,女,2007
89532293,46,市场拓展,硕士,40-49,男,19627
81024156,54,销售,硕士,>=50,女,10686
84246674,56,市场拓展,本科,>=50,女,2942
87223822,36,市场拓展,博士,30-39,女,8858
85268015,55,市场拓展,高中,>=50,男,16756
87478687,43,销售,本科,40-49,男,10798
89601336,20,销售,本科,20-29,女,2323
85773539,21,市场拓展,本科,20-29,女,1416
85829083,46,市场拓展,硕士,40-49,女,4615
84774606,51,市场拓展,硕士,>=50,男,2461
83159575,28,市场拓展,专科,20-29,男,8722
89239042,26,市场拓展,专科,20-29,男,3955
83679348,30,市场拓展,本科,30-39,男,9957
80631918,41,市场拓展,专科,40-49,女,3376
86482268,38,市场拓展,高中,30-39,女,8823
80584286,40,市场拓展,硕士,40-49,男,10322
83559781,27,市场拓展,博士,20-29,男,4621
87726208,55,市场拓展,高中,>=50,男,10976
84617117,28,市场拓展,本科,20-29,女,3660
85997314,44,人力资源,专科,40-49,男,10482
83206335,33,市场拓展,本科,30-39,男,7119
83273006,35,销售,本科,30-39,男,9582
85745427,33,市场拓展,硕士,30-39,女,4508
85281260,28,市场拓展,专科,20-29,男,2207
82641945,34,市场拓展,高中,30-39,男,7756
86238983,37,销售,硕士,30-39,女,6694
86883629,25,市场拓展,高中,20-29,男,3691
89407725,26,市场拓展,本科,20-29,男,2377
82996172,33,市场拓展,本科,30-39,男,2313
83564226,42,市场拓展,专科,40-49,男,17665
88522967,28,市场拓展,本科,20-29,男,2596
87333783,50,销售,硕士,>=50,男,4728
83158886,33,销售,本科,30-39,女,4302
88194420,34,市场拓展,硕士,30-39,男,2979
86323592,48,市场拓展,硕士,40-49,男,16885
88664696,45,销售,硕士,40-49,女,5593
88475972,52,市场拓展,硕士,>=50,男,10445
80734843,38,销售,硕士,30-39,男,8740
89102938,29,市场拓展,硕士,20-29,女,2514
85665415,28,市场拓展,本科,20-29,女,7655
84292166,46,销售,高中,40-49,男,17465
80070265,38,销售,专科,30-39,男,7351
80257052,43,市场拓展,本科,40-49,女,10820
83522056,39,市场拓展,本科,30-39,男,12169
80509362,40,市场拓展,本科,40-49,男,19626
87546568,21,市场拓展,高中,20-29,女,2070
83728192,39,市场拓展,本科,30-39,男,6782
87538406,36,市场拓展,硕士,30-39,男,7779
89029089,31,销售,本科,30-39,男,2791
85159220,28,市场拓展,高中,20-29,男,3201
84053471,35,销售,专科,30-39,男,4968
87542908,49,销售,硕士,40-49,男,13120
83659397,34,市场拓展,专科,30-39,男,4033
84968274,29,市场拓展,本科,20-29,女,3291
84419310,42,市场拓展,本科,40-49,男,4272
83790953,29,市场拓展,高中,20-29,男,5056
84009810,38,人力资源,本科,30-39,男,2844
85090880,28,市场拓展,本科,20-29,男,2703
82888323,26,市场拓展,高中,20-29,男,1904
87173913,33,销售,硕士,30-39,女,8224
87577908,41,市场拓展,硕士,40-49,男,4766
83322744,31,市场拓展,本科,30-39,男,2610
86803453,37,市场拓展,专科,30-39,女,5731
84878682,27,市场拓展,本科,20-29,男,2539
80593605,34,销售,高中,30-39,女,5714
89054563,35,人力资源,硕士,30-39,男,4323
88842119,29,销售,高中,20-29,女,7336
85003522,40,市场拓展,硕士,40-49,女,13499
84068924,42,销售,本科,40-49,男,13758
80074388,42,销售,硕士,40-49,男,5155
84134105,35,市场拓展,硕士,30-39,男,2258
80495749,24,市场拓展,本科,20-29,男,3597
88666755,28,市场拓展,高中,20-29,女,2515
82843594,26,市场拓展,硕士,20-29,男,4420
82287919,30,销售,本科,30-39,男,6578
87715152,40,市场拓展,专科,40-49,女,4422
83810391,35,市场拓展,本科,30-39,男,10274
89739975,34,市场拓展,本科,30-39,男,5343
83914323,35,市场拓展,硕士,30-39,男,2376
84123500,43,销售,本科,40-49,女,5346
81015211,32,销售,高中,30-39,女,2827
89813048,56,市场拓展,硕士,>=50,女,19943
88761422,29,市场拓展,高中,20-29,女,3131
85988255,25,市场拓展,专科,20-29,男,2552
83483118,45,市场拓展,本科,40-49,女,4477
82803683,37,市场拓展,本科,30-39,女,6474
85265605,20,市场拓展,本科,20-29,男,3033
81420080,44,市场拓展,硕士,40-49,男,2936
86608754,53,市场拓展,专科,>=50,女,18606
82832779,29,市场拓展,高中,20-29,女,2168
86997580,22,市场拓展,硕士,20-29,男,2853
84040761,46,销售,本科,40-49,女,17048
88160841,44,市场拓展,本科,40-49,男,2290
82289411,33,人力资源,本科,30-39,男,3600
89139523,41,市场拓展,专科,40-49,男,2107
86288822,30,销售,硕士,30-39,男,4115
89534351,40,销售,硕士,40-49,男,4327
88554025,50,市场拓展,本科,>=50,女,17856
84572875,28,市场拓展,硕士,20-29,男,3196
80691814,46,市场拓展,专科,40-49,男,19081
85812970,35,销售,硕士,30-39,男,8966
88054224,24,市场拓展,专科,20-29,女,2210
89837356,33,销售,本科,30-39,女,4539
89337722,36,市场拓展,硕士,30-39,男,2741
85752999,30,市场拓展,硕士,30-39,男,3491
84698753,44,市场拓展,硕士,40-49,男,4541
83755822,20,销售,本科,20-29,男,2678
88415135,46,市场拓展,硕士,40-49,男,7379
81940133,42,人力资源,博士,40-49,男,6272
83140562,60,销售,硕士,>=50,男,5220
80027568,32,市场拓展,本科,30-39,女,2743
85405047,32,市场拓展,专科,30-39,女,4998
87198804,36,市场拓展,本科,30-39,女,10252
84003633,33,市场拓展,本科,30-39,男,2781
82622115,40,销售,本科,40-49,女,6852
86834524,25,销售,硕士,20-29,男,4950
87376657,30,市场拓展,本科,30-39,男,3579
81597518,42,市场拓展,博士,40-49,女,13191
86468850,35,销售,专科,30-39,女,10377
80575090,27,市场拓展,本科,20-29,男,2235
84803126,54,市场拓展,硕士,>=50,女,10502
85741001,44,市场拓展,高中,40-49,女,2011
88026172,23,市场拓展,本科,20-29,女,1859
87796022,29,市场拓展,本科,20-29,女,3760
83141972,54,市场拓展,本科,>=50,男,17779
86337873,31,市场拓展,专科,30-39,男,6833
85707403,31,市场拓展,本科,30-39,女,6812
83798577,59,销售,本科,>=50,女,5171
88713685,43,市场拓展,本科,40-49,男,19740
89794945,49,市场拓展,专科,40-49,男,18711
85765670,36,市场拓展,本科,30-39,男,3692
85159706,48,市场拓展,专科,40-49,男,2559
87050982,27,市场拓展,专科,20-29,男,2517
88211734,29,市场拓展,本科,20-29,男,6623
85236014,48,市场拓展,本科,40-49,男,18265
89124679,29,市场拓展,本科,20-29,女,16124
83756582,34,市场拓展,本科,30-39,女,2585
85306385,44,销售,本科,40-49,男,18213
80133689,33,销售,博士,30-39,男,8380
86915921,23,市场拓展,本科,20-29,女,2994
83204205,23,市场拓展,专科,20-29,男,1223
85224935,25,销售,高中,20-29,男,1118
86296427,26,市场拓展,专科,20-29,男,2875
81721264,45,销售,本科,40-49,女,18824
88887792,55,市场拓展,高中,>=50,男,13577
80696559,21,市场拓展,专科,20-29,女,2625
83447623,46,销售,专科,40-49,女,18789
87798462,34,销售,本科,30-39,女,4538
86850207,51,销售,本科,>=50,男,19847
84805593,59,市场拓展,硕士,>=50,男,10512
83456081,34,市场拓展,本科,30-39,女,4444
82953703,28,市场拓展,硕士,20-29,男,2154
86129130,44,市场拓展,专科,40-49,男,19190
83130602,34,人力资源,本科,30-39,男,4490
81984904,35,市场拓展,高中,30-39,男,3506
82965735,42,市场拓展,硕士,40-49,女,2372
85421830,43,销售,硕士,40-49,女,10231
80517822,36,市场拓展,硕士,30-39,女,5410
84544569,44,市场拓展,本科,40-49,女,7978
87695138,28,市场拓展,本科,20-29,男,3867
81604323,51,市场拓展,专科,>=50,女,2838
81494628,30,市场拓展,专科,30-39,女,4695
86310574,29,市场拓展,本科,20-29,女,3339
86564021,28,市场拓展,本科,20-29,男,2080
80149438,25,市场拓展,本科,20-29,女,2096
87664832,32,销售,本科,30-39,男,6209
82509757,45,市场拓展,本科,40-49,女,18061
85577458,39,市场拓展,硕士,30-39,女,17123
87807398,58,市场拓展,硕士,>=50,男,2372
85974738,32,市场拓展,专科,30-39,男,4883
84174514,39,市场拓展,本科,30-39,男,3904
88163272,30,市场拓展,本科,30-39,女,4627
89156966,36,市场拓展,硕士,30-39,女,7094
87959470,46,人力资源,专科,40-49,女,3423
87278544,28,市场拓展,本科,20-29,女,6674
83594318,50,市场拓展,本科,>=50,女,16880
88474457,40,销售,硕士,40-49,男,9094
83904077,52,销售,本科,>=50,男,8446
84528077,30,市场拓展,硕士,30-39,女,11916
88037704,39,市场拓展,专科,30-39,男,4534
87032033,31,销售,硕士,30-39,女,9852
85861460,41,销售,专科,40-49,男,6151
85207559,31,销售,本科,30-39,女,2302
83726941,44,市场拓展,本科,40-49,男,2362
81016852,42,市场拓展,高中,40-49,男,17861
80292919,55,市场拓展,专科,>=50,女,19187
84902161,56,人力资源,硕士,>=50,男,19717
84298293,40,市场拓展,专科,40-49,男,3544
87201379,34,市场拓展,本科,30-39,男,8500
80213646,40,市场拓展,本科,40-49,男,4661
83014223,41,销售,本科,40-49,女,4103
88679902,35,市场拓展,硕士,30-39,男,4249
81301265,51,人力资源,本科,>=50,男,14026
84786094,38,销售,专科,30-39,女,6893
82767312,34,销售,专科,30-39,女,6125
85680193,25,市场拓展,高中,20-29,男,3669
80461921,58,市场拓展,硕士,>=50,女,10008
89718004,40,市场拓展,硕士,40-49,男,2387
82014220,36,销售,本科,30-39,女,4639
81309054,48,市场拓展,本科,40-49,男,7898
84925766,27,销售,本科,20-29,女,2534
86105044,51,市场拓展,专科,>=50,女,13142
88310410,24,市场拓展,本科,20-29,女,1611
84964737,35,市场拓展,本科,30-39,女,5363
81369818,27,销售,高中,20-29,男,5071
80435362,55,销售,硕士,>=50,男,13695
80646270,56,市场拓展,本科,>=50,男,13402
84689692,34,市场拓展,高中,30-39,女,2029
84606021,40,市场拓展,高中,40-49,女,6377
84510412,34,市场拓展,本科,30-39,男,5429
83578945,31,销售,本科,30-39,女,2785
84291775,35,销售,硕士,30-39,女,4614
87311912,38,市场拓展,本科,30-39,男,2610
80611879,34,市场拓展,硕士,30-39,女,6687
84138739,28,销售,本科,20-29,男,4724
80659279,31,市场拓展,硕士,30-39,男,6179
86040314,39,销售,硕士,30-39,男,6120
86580367,51,销售,本科,>=50,男,10596
87153011,41,市场拓展,本科,40-49,女,5467
82441477,37,市场拓展,高中,30-39,男,2996
83656326,33,销售,高中,30-39,男,9998
80747812,32,销售,高中,30-39,男,4078
88861394,39,市场拓展,专科,30-39,男,10920
87939360,25,销售,高中,20-29,男,6232
88849749,52,市场拓展,专科,>=50,女,13247
89134081,43,市场拓展,本科,40-49,女,4081
86900488,27,销售,本科,20-29,女,5769
85716407,27,市场拓展,硕士,20-29,女,2394
80593962,26,市场拓展,高中,20-29,男,3904
89209785,42,人力资源,本科,40-49,女,16799
87427546,52,市场拓展,硕士,>=50,女,2950
83966295,37,行政,本科,30-39,女,3629
81360108,35,行政,专科,30-39,男,9362
85002931,25,行政,本科,20-29,男,3229
84201536,26,行政,本科,20-29,男,3578
84016024,29,人力资源,本科,20-29,男,7988
85802431,49,行政,专科,40-49,男,4284
83271973,29,行政,高中,20-29,女,7553
82836814,54,行政,本科,>=50,女,17328
89512450,58,行政,本科,>=50,女,19701
85758607,55,行政,硕士,>=50,男,14732
86762778,36,销售,硕士,30-39,女,9278
82618133,31,销售,硕士,30-39,女,1359
83027613,30,销售,硕士,30-39,女,4779
80267190,31,行政,博士,30-39,女,16422
89019785,34,行政,硕士,30-39,男,2996
83602642,31,行政,本科,30-39,女,1261
86499405,27,行政,高中,20-29,男,2099
83101687,36,行政,硕士,30-39,男,5810
88630082,36,销售,硕士,30-39,女,5647
87984104,47,行政,本科,40-49,男,3420
80518687,25,销售,专科,20-29,男,4400
86658400,37,行政,专科,30-39,男,3500
82466121,56,行政,专科,>=50,女,2066
83729342,47,行政,硕士,40-49,女,17169
86244677,24,销售,高中,20-29,女,4162
85629480,32,销售,博士,30-39,男,9204
83177149,34,行政,本科,30-39,女,3294
88901454,41,行政,博士,40-49,男,2127
89839809,40,行政,硕士,40-49,男,3975
88956047,31,销售,专科,30-39,男,10793
85555115,46,销售,本科,40-49,男,10096
81259445,39,行政,本科,30-39,女,3646
88658854,31,行政,博士,30-39,女,7446
86982818,45,行政,本科,40-49,男,10851
84655875,31,人力资源,专科,30-39,女,2109
81507600,31,行政,本科,30-39,男,3722
83869139,45,行政,本科,40-49,男,9380
88169525,48,销售,本科,40-49,男,5486
83943346,34,人力资源,硕士,30-39,女,2742
81568795,40,行政,高中,40-49,男,13757
84556392,28,销售,本科,20-29,男,8463
88381990,44,行政,本科,40-49,男,3162
89212854,53,行政,本科,>=50,男,16598
81361340,49,行政,硕士,40-49,男,6651
82081072,40,行政,本科,40-49,男,2345
81242429,44,行政,本科,40-49,男,3420
81834942,33,销售,本科,30-39,男,4373
86404810,34,销售,本科,30-39,男,4759
87426001,25,销售,专科,20-29,女,4639
88515374,43,行政,本科,40-49,男,4876
87467622,35,行政,专科,30-39,男,2690
80645029,46,销售,硕士,40-49,男,17567
80792558,28,行政,本科,20-29,男,2408
88937949,22,行政,专科,20-29,女,2814
83642249,50,行政,博士,>=50,男,11245
87639489,32,行政,硕士,30-39,女,3312
80623582,44,行政,本科,40-49,女,19049
85016318,30,行政,本科,30-39,男,2141
87043174,45,行政,博士,40-49,女,5769
89135791,45,销售,本科,40-49,男,4385
89586169,31,销售,硕士,30-39,男,5332
88241016,36,行政,硕士,30-39,女,4663
87215411,34,行政,硕士,30-39,男,4724
86407989,49,行政,硕士,40-49,女,3211
86481312,39,行政,博士,30-39,男,5377
88947922,27,行政,本科,20-29,男,4066
84498748,35,行政,博士,30-39,男,5208
88227863,28,行政,本科,20-29,女,4877
89080221,21,行政,高中,20-29,男,3117
83851231,23,销售,专科,20-29,女,1569
87935549,47,人力资源,硕士,40-49,女,19658
82901934,39,行政,专科,30-39,男,3069
80084908,40,行政,本科,40-49,女,10435
88639994,35,行政,硕士,30-39,女,4148
85049494,37,行政,本科,30-39,男,5768
87274752,39,行政,本科,30-39,女,5042
83569973,45,行政,专科,40-49,女,5770
84166509,38,行政,专科,30-39,女,7756
88443514,35,销售,本科,30-39,男,10306
81858793,37,行政,本科,30-39,女,3936
81174680,40,行政,本科,40-49,女,7945
83650545,44,人力资源,博士,40-49,男,5743
84105017,48,行政,博士,40-49,男,15202
83985967,35,销售,专科,30-39,男,5440
89508642,24,行政,高中,20-29,女,3760
87002930,27,行政,本科,20-29,女,3517
81438293,27,行政,本科,20-29,男,2580
88423176,40,行政,本科,40-49,男,2166
82366632,29,销售,本科,20-29,男,5869
82031691,36,行政,硕士,30-39,女,8008
87029888,25,行政,高中,20-29,男,5206
83356963,39,行政,本科,30-39,男,5295
83722035,49,行政,硕士,40-49,女,16413
85551610,50,行政,博士,>=50,女,13269
88472517,20,销售,本科,20-29,女,2783
89136495,34,行政,本科,30-39,女,5433
82532263,36,行政,本科,30-39,男,2013
81094684,49,行政,高中,40-49,女,13966
88023616,36,行政,硕士,30-39,女,4374
81246729,36,行政,专科,30-39,男,6842
80729894,54,行政,博士,>=50,女,17426
86139203,43,行政,专科,40-49,男,17603
87089963,35,销售,硕士,30-39,男,4581
81405171,38,行政,本科,30-39,男,4735
85548412,29,销售,本科,20-29,男,4187
86551850,33,销售,硕士,30-39,男,5505
89112451,32,行政,本科,30-39,男,5470
88149091,31,销售,硕士,30-39,女,5476
84608713,49,行政,本科,40-49,女,2587
83619383,38,行政,本科,30-39,女,2440
87172913,47,销售,硕士,40-49,女,15972
81243380,49,行政,本科,40-49,男,15379
81417515,41,销售,专科,40-49,男,7082
88367356,20,销售,高中,20-29,男,2728
84608962,33,销售,本科,30-39,女,5368
80108939,36,行政,硕士,30-39,男,5347
89284357,44,人力资源,本科,40-49,女,3195
85016535,23,行政,高中,20-29,男,3989
83753402,38,行政,专科,30-39,女,3306
88790745,53,行政,硕士,>=50,男,7005
86151248,48,销售,专科,40-49,女,2655
88683630,32,行政,硕士,30-39,男,1393
80449053,26,行政,本科,20-29,男,2570
84139671,55,行政,本科,>=50,男,3537
82650595,34,行政,专科,30-39,男,3986
83043676,60,行政,硕士,>=50,男,10883
80070089,33,行政,本科,30-39,男,2028
86325515,37,销售,硕士,30-39,男,9525
82597015,34,行政,本科,30-39,女,2929
88758245,23,销售,本科,20-29,男,2275
87697256,44,行政,本科,40-49,女,7879
89956510,35,行政,硕士,30-39,男,4930
88356192,43,销售,本科,40-49,男,7847
89594922,24,行政,本科,20-29,男,4401
82196377,41,销售,本科,40-49,男,9241
88566449,29,行政,硕士,20-29,女,2974
84351371,36,销售,硕士,30-39,女,4502
88019312,45,行政,高中,40-49,男,10748
82019206,24,人力资源,高中,20-29,男,1555
87533092,47,销售,本科,40-49,男,12936
88592436,26,行政,硕士,20-29,男,2305
82938965,45,行政,专科,40-49,女,16704
89244297,32,行政,本科,30-39,男,3433
82543791,31,行政,硕士,30-39,男,3477
82875239,41,人力资源,本科,40-49,男,6430
88439926,40,行政,专科,40-49,女,6516
85121204,24,行政,高中,20-29,男,3907
82647967,46,行政,硕士,40-49,男,5562
85684968,35,行政,硕士,30-39,男,6883
82380063,30,行政,高中,30-39,男,2862
86568509,47,销售,硕士,40-49,男,4978
88402367,46,销售,本科,40-49,男,10368
87901094,36,销售,博士,30-39,男,6134
86239427,32,销售,专科,30-39,男,6735
81324174,23,行政,高中,20-29,女,3295
88924853,31,行政,高中,30-39,女,5238
85374246,39,行政,本科,30-39,男,6472
87802114,32,销售,本科,30-39,男,9610
86156874,40,销售,硕士,40-49,男,19833
88023441,45,人力资源,本科,40-49,女,9756
87373995,30,行政,硕士,30-39,女,4968
81781514,24,人力资源,本科,20-29,男,2145
86589628,30,人力资源,本科,30-39,女,2180
87659060,31,销售,本科,30-39,男,8346
85319950,27,行政,本科,20-29,女,3445
88461855,29,销售,本科,20-29,女,2760
85077435,29,行政,本科,20-29,男,6294
83513934,30,销售,专科,30-39,男,7140
88835304,34,行政,硕士,30-39,男,2932
85775206,33,销售,本科,30-39,女,5147
82568190,49,销售,硕士,40-49,女,4507
87341383,33,销售,本科,30-39,女,8564
83017002,38,行政,专科,30-39,女,2468
89177856,31,销售,硕士,30-39,男,8161
84452934,29,行政,本科,20-29,女,2109
87367717,30,行政,本科,30-39,男,5294
81555671,32,行政,硕士,30-39,男,2718
82322707,38,行政,本科,30-39,男,5811
85092693,43,行政,本科,40-49,男,2437
89915408,42,行政,本科,40-49,男,2766
88435185,55,行政,本科,>=50,男,19038
85111235,33,行政,本科,30-39,男,3055
84448900,41,行政,硕士,40-49,男,2289
85103773,34,销售,本科,30-39,男,4001
89870954,53,行政,硕士,>=50,女,12965
84143109,43,人力资源,本科,40-49,男,3539
80186602,34,销售,专科,30-39,女,6029
87422034,21,销售,高中,20-29,男,2679
86837305,38,行政,专科,30-39,女,3702
89779955,22,行政,高中,20-29,女,2398
87981930,31,销售,硕士,30-39,女,5468
88588560,51,行政,本科,>=50,女,13116
85882530,37,销售,专科,30-39,男,4189
82781454,46,行政,硕士,40-49,男,19328
86700089,36,行政,本科,30-39,男,8321
84691964,44,行政,专科,40-49,男,2342
83175647,37,人力资源,专科,30-39,男,4071
80134673,35,销售,本科,30-39,男,5813
89819037,33,行政,硕士,30-39,男,3143
87696746,28,行政,本科,20-29,男,2044
88414975,39,行政,高中,30-39,男,13464
86433125,46,销售,专科,40-49,男,7991
87901659,40,行政,专科,40-49,女,3377
82449560,42,行政,本科,40-49,男,5538
82062992,35,行政,专科,30-39,男,5762
81027552,38,人力资源,本科,30-39,男,2592
80354912,34,行政,硕士,30-39,男,5346
84190668,37,行政,硕士,30-39,男,4213
81299668,39,销售,本科,30-39,男,4127
89928689,43,行政,本科,40-49,男,2438
85429440,41,行政,本科,40-49,男,6870
84291030,41,销售,高中,40-49,女,10447
82606176,30,行政,本科,30-39,女,9667
84185950,26,人力资源,专科,20-29,女,2148
80757280,46,行政,专科,40-49,女,8926
84213524,40,行政,本科,40-49,女,6513
85404657,34,销售,专科,30-39,男,6799
82501491,58,销售,本科,>=50,男,16291
82973472,35,行政,硕士,30-39,男,2705
81512189,47,行政,本科,40-49,女,10333
88306985,40,行政,本科,40-49,女,4448
89165727,54,行政,硕士,>=50,女,6854
81979821,31,销售,硕士,30-39,女,9637
85868466,28,行政,本科,20-29,女,3591
80450823,38,销售,硕士,30-39,女,5405
83279519,26,销售,本科,20-29,男,4684
80158508,58,行政,硕士,>=50,男,15787
87147947,23,行政,本科,20-29,女,1514
87835428,31,人力资源,博士,30-39,男,2956
82508133,29,人力资源,本科,20-29,男,2335
88248819,45,销售,硕士,40-49,女,5154
87884139,36,行政,硕士,30-39,女,6962
82280712,43,销售,硕士,40-49,男,5675
81740918,27,行政,专科,20-29,女,2379
86363351,29,行政,高中,20-29,男,3812
82418761,32,销售,硕士,30-39,男,4648
81859545,42,行政,硕士,40-49,男,2936
83763257,47,行政,硕士,40-49,女,2105
80725271,46,行政,专科,40-49,男,8578
86294030,28,人力资源,专科,20-29,男,2706
82434482,29,行政,高中,20-29,男,6384
88058655,42,行政,本科,40-49,男,3968
80390857,32,销售,硕士,30-39,男,9907
80956908,46,销售,本科,40-49,女,13225
85122612,27,销售,高中,20-29,女,3540
86953302,29,人力资源,高中,20-29,男,2804
86210260,43,行政,本科,40-49,女,19392
81021019,48,行政,本科,40-49,男,19665
85348471,29,行政,专科,20-29,男,2439
84959353,46,销售,本科,40-49,女,7314
85188796,27,行政,本科,20-29,女,4774
80324990,39,行政,硕士,30-39,男,3902
89993339,55,行政,硕士,>=50,男,2662
86678143,28,销售,本科,20-29,女,2856
89292152,30,销售,本科,30-39,男,1081
89627241,22,行政,高中,20-29,男,2472
88143457,36,销售,硕士,30-39,女,5673
80465165,31,行政,本科,30-39,男,4197
87594832,34,销售,本科,30-39,男,9713
85277298,29,行政,本科,20-29,男,2062
88179936,37,行政,硕士,30-39,男,4284
80559781,35,行政,专科,30-39,女,4788
82847482,45,行政,专科,40-49,女,5906
89893433,36,人力资源,高中,30-39,男,3886
82190125,40,行政,硕士,40-49,男,16823
88776812,26,行政,专科,20-29,女,2933
82889382,27,销售,专科,20-29,女,6500
89624126,48,行政,本科,40-49,女,17174
83253480,44,行政,硕士,40-49,男,5033
82776963,34,行政,硕士,30-39,男,2307
86031676,56,行政,专科,>=50,男,2587
83014917,36,销售,专科,30-39,男,5507
86170565,41,销售,本科,40-49,女,4393
85746101,42,行政,本科,40-49,男,13348
84515948,31,销售,专科,30-39,女,6583
89158570,34,销售,高中,30-39,女,8103
84316956,31,行政,本科,30-39,女,3978
85059115,26,行政,本科,20-29,男,2544
87736142,45,行政,硕士,40-49,男,5399
81887216,33,销售,硕士,30-39,男,5487
88802228,28,销售,专科,20-29,男,6834
83395000,29,销售,本科,20-29,男,1091
87086956,39,销售,硕士,30-39,女,5736
80809182,27,行政,硕士,20-29,男,2226
85949628,34,行政,硕士,30-39,男,5747
87840430,28,销售,专科,20-29,女,9854
80868182,47,行政,硕士,40-49,男,5467
87262173,56,销售,博士,>=50,女,5380
80880903,39,行政,专科,30-39,男,5151
81567334,38,行政,本科,30-39,女,2133
83065444,58,销售,本科,>=50,女,17875
81197791,32,行政,专科,30-39,女,2432
87135190,38,行政,专科,30-39,男,4771
84590136,49,行政,高中,40-49,男,19161
85705892,42,销售,硕士,40-49,男,5087
83693275,27,人力资源,本科,20-29,女,2863
83100650,35,销售,硕士,30-39,男,5561
86017573,28,行政,本科,20-29,男,2144
86918746,31,行政,专科,30-39,男,3065
83541501,36,行政,硕士,30-39,男,2810
87676606,34,销售,本科,30-39,男,9888
87513091,34,销售,硕士,30-39,男,8628
89649097,26,行政,本科,20-29,男,2867
82444734,29,行政,本科,20-29,男,5373
81478151,32,行政,硕士,30-39,女,6667
82885978,31,行政,本科,30-39,男,5003
88930883,28,行政,本科,20-29,男,2367
83230008,38,销售,本科,30-39,男,2858
87003936,35,销售,硕士,30-39,女,5204
80981895,27,销售,本科,20-29,男,4105
81833667,32,行政,硕士,30-39,男,9679
87657259,31,销售,硕士,30-39,男,5617
86617940,53,销售,硕士,>=50,男,10448
86137337,54,行政,专科,>=50,女,2897
89575681,33,行政,专科,30-39,男,5968
87587455,43,行政,本科,40-49,男,7510
81072498,38,人力资源,硕士,30-39,男,2991
84321040,55,人力资源,硕士,>=50,男,19636
87828094,31,行政,高中,30-39,女,1129
86078307,39,销售,硕士,30-39,男,13341
89948969,42,行政,专科,40-49,男,4332
84332536,31,行政,本科,30-39,女,11031
80180997,54,行政,本科,>=50,女,4440
84562578,24,行政,专科,20-29,男,4617
81820497,23,行政,专科,20-29,男,2647
80617158,40,行政,本科,40-49,女,6323
85294491,40,销售,专科,40-49,女,5677
84392491,25,人力资源,本科,20-29,女,2187
82940712,30,行政,专科,30-39,男,3748
85508387,25,行政,高中,20-29,男,3977
89196096,47,行政,本科,40-49,男,8633
88585315,33,行政,专科,30-39,男,2008
87424913,38,销售,硕士,30-39,男,4440
86487158,31,销售,专科,30-39,男,3067
86325439,38,行政,硕士,30-39,男,5321
83988618,42,行政,硕士,40-49,男,5410
81781577,41,行政,本科,40-49,男,2782
82906578,47,行政,高中,40-49,女,11957
80325795,35,行政,硕士,30-39,男,2660
87948661,22,行政,专科,20-29,男,3375
80049890,35,行政,硕士,30-39,男,5098
89414893,33,行政,专科,30-39,女,4878
81302376,32,行政,硕士,30-39,女,2837
80429638,40,行政,硕士,40-49,男,2406
83510802,32,销售,硕士,30-39,男,2269
85742660,39,行政,高中,30-39,男,4108
84802084,38,行政,本科,30-39,女,13206
86080226,32,销售,硕士,30-39,女,10422
89786848,37,行政,本科,30-39,女,13744
80800856,25,销售,专科,20-29,女,4907
85765310,52,销售,硕士,>=50,男,3482
89184237,44,行政,本科,40-49,男,2436
85463085,21,销售,高中,20-29,男,2380
87308249,39,行政,本科,30-39,男,19431
86527334,23,销售,本科,20-29,男,1790
86339901,36,销售,本科,30-39,女,7644
84759751,36,行政,专科,30-39,女,5131
84907016,56,行政,硕士,>=50,男,6306
89636606,29,行政,硕士,20-29,男,4787
80044561,42,行政,本科,40-49,男,18880
83935786,56,行政,专科,>=50,男,2339
83309332,41,行政,硕士,40-49,女,13570
83976871,34,销售,本科,30-39,女,6712
82357090,36,销售,硕士,30-39,男,5406
82046631,41,销售,本科,40-49,男,8938
86468091,32,行政,本科,30-39,男,2439
84530374,35,人力资源,硕士,30-39,女,8837
80022892,38,销售,专科,30-39,女,5343
85168725,50,销售,硕士,>=50,男,6728
86886034,36,销售,硕士,30-39,女,6652
84769868,45,销售,本科,40-49,女,4850
84277675,40,行政,硕士,40-49,男,2809
85540926,35,行政,硕士,30-39,男,5689
88811526,40,行政,硕士,40-49,女,2001
89623876,35,行政,硕士,30-39,女,2977
88765910,29,行政,专科,20-29,男,4025
87800286,29,行政,硕士,20-29,女,3785
86971166,50,销售,本科,>=50,男,10854
83557895,39,销售,高中,30-39,女,12031
89404004,31,市场拓展,本科,30-39,男,9936
85797405,26,销售,本科,20-29,女,2966
88637086,36,市场拓展,专科,30-39,男,2571
80514132,39,市场拓展,高中,30-39,男,9991
84576300,27,市场拓展,本科,20-29,男,6142
87248284,49,销售,本科,40-49,男,5390
85791664,34,市场拓展,本科,30-39,男,4404